《权力的游戏》,《生活大爆炸》,《老友记》,《老爸老妈浪漫史》,《初来乍到》,《左右不逢源》,《好汉两个半》,《破产姐妹》,《摩登家庭》,《生活大爆炸》,《豪斯医生》,《实习医生格蕾》,《良医》,《夜班医生》,《整容室》,《豪斯医生》,《瑞克与莫蒂》,《飞出个未来》,《拽妹黛薇儿》,《广告狂人》,《嗜血法医》,《黑道家族》,《大西洋帝国》,《越狱》,《绝命毒师》,《黑道家族》
《绝命毒师》,《风骚律师》,《毒枭》,《权力的游戏》,《西部世界》,《无耻之徒》,《使女的故事》,《生活大爆炸》,《老友记》,《破产姐妹》,《怪奇物语》,《爱死机》,《裂缝之外》,《齐马的作品》
《爱情公寓》,《康熙王朝》,《老友记》,《生活大爆炸》,《破产姐妹》,《吸血鬼日记》,《暮光》,《绯闻女孩》,《傲骨贤妻》,《The Good Wife》,《傲骨贤妻》,《绝望主妇》,《新闻编辑室》,《新闻编辑室》,《newsroom》,《纸牌屋》,《甄嬛传》,《行尸走肉》,《冰与火之歌》,《A Game of Thrones》
《鬼入侵》,《我的天才女友》,《西部世界》
《权力的游戏》,《傲骨贤妻》,《生活大爆炸》,《纸牌屋》,《老友记》,《国土安全》,《越狱》,《欲望都市》,《兄弟连》,《无耻之徒（美版）》,《神探夏洛克》,《黑镜》,《复生》,《唐顿庄园》
《老友记》,《老友记》,《老友记》,《老友记》,《老友记》,《老友记》,《女孩成长记》,《老友记》,《老友记》,《老友记》,《老友记》,《纸牌屋》,《生活大爆炸》,《纸牌屋》,《傲骨贤妻》,《绯闻女孩》,《绯闻女孩》,《生活大爆炸》,《老友记》,《老友记》,《摩登家庭》,《老友记》,《老友记》,《绝望主妇》,《老友记》,《老友记》,《破产姐妹》,《老友记》,《煎饼侠》,《破产姐妹》,《冰雪奇缘》,《生活大爆炸》,《纸牌屋》,《纸牌屋》,《纸牌屋》,《纸牌屋》,《纸牌屋》,《老友记》,《老友记》,《纸牌屋》,《纸牌屋》,《纸牌屋》,《纸牌屋》,《大爆炸》,《摩登家庭》,《傲骨贤妻》,《纸牌屋》
《老友记》,《马尔科姆的一家》,《成长的烦恼》,《成长的烦恼》,《生活大爆炸》,《摩登家庭》,《废柴联盟》,《邪恶力量》,《美国恐怖故事》,《铁证悬案》,《波士顿法律》,《神烦警探》,《犯罪心理》,《识骨寻踪》,《共同法则》,《共同法则》,《神盾局特工》,《雷神》,《豪斯医生》,《纸牌屋》,《行尸走肉》,《绝命毒师》,《权力的游戏》,《权力的游戏》,《兄弟姐妹》,《六尺之下》
《行尸走肉》,《权力的游戏》,《唐顿庄园》,《唐顿庄园》,《国土安全》,《美国之声》,《中国好声音》,《美国之声》,《老爸老妈的浪漫史》,《老友记》,《老友记》,《生活大爆炸》,《新闻编辑室》,《疑犯追踪》,《猫鼠游戏》,《逍遥法外》
《老友记》,《老友记》,《广告狂人》,《破产姐妹》,《女孩成长记》,《老友记》,《老友记》,《纸牌屋》,《生活大爆炸》,《老友记》,《老友记》,《摩登家庭》,《查莉成长日记》,《至暗时刻》,《敦刻尔克》,《傲慢与偏见》,《万物理论》,《天使爱美丽》
《9号秘事》,《致命女人》
《生活大爆炸》,《摩登家庭》,《神烦警探》,《无耻之徒》,《瑞克和莫蒂》,《怪奇物语》,《天蝎》,《绝命毒师》,《权力的游戏》,《欢乐合唱团》,《生活大爆炸》,《老友记》,《生活大爆炸》,《老友记》,《生活大爆炸》,《小谢尔顿》,《生活大爆炸》,《权力的游戏》,《生活大爆炸》,《谢尔顿和他的朋友们》,《佩妮和她的朋友们》,《莱纳德和他的朋友们》,《霍华德和他的朋友们》,《拉杰什和他的朋友们》,《伯纳黛特和她的朋友们》,《艾米和她的朋友们》,《生活大爆炸》,《武林外传》,《摩登家庭》,《学英语》,《生活大爆炸》,《摩登家庭》,《神烦警探》,《老友记》,《生活大爆炸》,《摩登家庭》,《神烦警探》,《无耻之徒》,《无耻之徒》,《瑞克和莫蒂》,《怪奇物语》,《怪奇物语》,《天蝎》,《绝命毒师》,《权力的游戏》,《欢乐合唱团》,《爱死机》,《了不起的麦瑟尔夫人》,《西部世界》,《大小谎言》,《破产姐妹》,《行尸走肉》
《越狱》,《24小时》,《老友记》,《人人都爱雷蒙德》,《老爸老妈罗曼史》,《生活大爆炸》,《急诊室的故事》,《实习医生格蕾》,《灵书妙探》,《超感神探》,《绝命毒师》,《火线警探》,《行尸走肉》,《破产姐妹》,《西部世界》,《犯罪现场调查》,《铁证悬案》,《罪案终结》,《识骨寻踪》,《逝者之证》,《风骚律师》,《无耻之徒》,《律政巾帼》,《豪斯医生》,《嗜血法医》,《好汉两个半》,《大西洋帝国》,《黑道家族》,《冰血暴》,《纸牌屋》
《老友记》,《摩登家庭》,《我们的生活》,《绝命毒师》,《致命女人》,《老爸老妈浪漫史》,《傲骨贤妻》,《傲骨之战》,《犯罪心理》,《欲望都市》
《越狱》,《绝命毒师》,《绝命毒师》,《绝命律师》,《风骚律师》,《怪奇物语》,《纸牌屋》,《生活大爆炸》,《破产姐妹》,《权利的游戏》,《迷失》,《超人前传》,《英雄》
《 <b>亿万</b> <b>Billions》,《国务卿夫人</b> <b>Madam Secretary》,《傲骨之战 The Good Fight》,《硅谷 Slicon Valley》,《<b>摩登家庭</b> <b>Modern Family》,《我们这一天 This is US》,《古战场传奇 Outlander》
《越狱》,《女子监狱》,《东区女巫》,《康斯坦丁》,《地狱神探》,《实习医生格蕾》,《小镇滋味》,《春心荡漾》,《四个婚礼和一个葬礼》,《了不起的麦瑟尔夫人》,《犯罪心理》,《娃娃脸》,《我们这一天》,《真爱如血》,《杀死伊芙》
《生活大爆炸》,《摩登家庭》,《破产姐妹》,《老友记》,《妙警贼探》,《闪电侠》,《小谢尔顿》,《狗狗博客》,《美女错上身》,《英雄亦凡人》,《摩登家庭》,《摩登家庭》,《生活大爆炸》,《生活大爆炸》,《摩登家庭》,《生活大爆炸》,《破产姐妹》,《破产姐妹》,《妙警贼探》,《妙警贼探》,《闪电侠》,《闪电侠》,《闪电侠》,《闪电侠》,《钢铁侠》,《小谢尔顿》,《小谢尔顿》,《生活大爆炸》,《小莱纳德》,《小佩妮》,《小霍华德》,《小拉杰什》,《狗狗博客》,《狗狗博客》,《老友记》,《老友记》,《娃娃脸》,《娃娃脸》,《美女错上身》,《美女错上身》,《废材舅舅》,《肥瑞的疯狂日记》,《怪诞小镇》,《马男波杰克》,《咱们裸熊》,《瑞克与莫蒂》,《脆莓公园》
《老友记》,《老友记》,《摩登家庭》,《Modern Family》,《老爸老妈的浪漫史》,《How I Met Your Mother》,《人人都爱雷蒙德》,《Everybody loves Raymond》,《老友记》,《生活大爆炸》,《The Big Bang Theory》,《老友记》,《破产姐妹》,《2 Broke Girls》
《boston</a> legal 》,《the practice》,《monk》,《Big Bang Theory》,《Shameless》,《Gotham》,《Supernatural》,《Hustle》,《leverage》,《mentalist》,《NCIS.Los Angeles》,《friends》,《white collar》,《las vegas 》,《justice》,《shark》,《two and a halfman》,《modern family》,《Young Sheldon 》,《the goldberge》,《everyone hates Chris》,《everybody loves raymond》,《Friends》,《Rules of Engagement》,《2 Broke Girls》,《neighborhood》,《 the Blacklist》,《Gotham》,《绿箭侠》,《Legends》,《agents of shield》,《dare devil》,《iron fist》,《Jessica Johns》,《Luke Cage》,《Punisher》,《MacGyver》,《whiskey cavalier》,《human Target》
《老友记》,《辛普森家庭》,《破产姐妹》,《摩登家庭》,《绝望主妇》,《王冠》,《费丽丝蒂》,《我们这一天》,《纸牌屋》,《西部世界》
《实习医生格蕾》,《夜班医生》,《豪斯医生》,《芝加哥医院》,《周一清晨》,《医院革命》,《驻院医生》,《良医》,《不死法医》,《血疫》
《致命女人》,《破产姐妹》,《纸牌屋》,《疑犯追踪》,《了不起的麦瑟尔夫人》,《绝命毒师》,《越狱》,《权力的游戏》,《生活大爆炸》,《老友记》
《绝命毒师》
《权力的游戏》,《绝命毒师》,《风骚律师》,《生活大爆炸》,《纸牌屋》,《国土安全》,《行尸走肉》,《别对我说谎》,《越狱》,《少年谢尔顿》
《好汉两个半》,《好汉两个半》,《不死法医》,《纸牌屋》,《越狱》,《浴血黑帮》,《绝命毒师》,《生活大爆炸》,《破产姐妹》,《国土安全》
《萨布丽娜的惊心冒险》,《黑暗童话》,《吸血鬼后裔》,《权力的游戏》,《血龙的狂舞》,《苍穹浩瀚》,《爱，死亡与机器人》,《绝命毒师》,《吸血鬼日记》,《初代吸血鬼》,《黑名单》,《White collar》,《White collar》,《黑名单》,《老友记》,《生活大爆炸》,《西部世界》,《黑色孤儿》,《24小时》,《黑袍纠察队》,《风骚律师》,《黑色童话》,《女子监狱》,《邪恶力量》,《犯罪心理》,《怪奇物语》,《美少女的谎言》,《星际迷航》,《摩登家庭》,《行尸走肉》,《神盾局特工》,《真爱如血》,《黑吃黑》,《地球百子》,《亿万》,《盲点》,《副总统》,《猎魔人》,《神探夏洛克》,《操他妈的世界》
《生活大爆炸》,《冰与火之歌》,《疑犯追踪》,《超胆侠》,《国土安全》,《战俘》
《绝命毒师》,《风骚律师》,《绝命毒师》,《绝命毒师》,《绝命毒师》,《绝命毒师》,《绝命毒师》,《风骚律师》,《绝命毒师》,《绝命毒师》,《绝命毒师》,《风骚律师》,《大西洋帝国》,《毒枭》,《黑镜》,《黑镜系列》,《黑镜》,《黑镜》,《9号密室》,《王冠》,《切尔诺贝利》,《抢救切尔诺贝利》,《瑞克和莫蒂》,《是，首相》
《康斯坦丁》,《老友记》,《生活大爆炸》,《实习医生格蕾》,《善地》,《亿万》,《纸牌屋》,《都市侠盗》,《猫鼠游戏》,《超感警探》,《灵书妙探》,《犯罪现场调查》,《犯罪心理》,《黑道家族》,《24小时》,《国土安全》,《火线警告/黑名单》,《尼基塔》,《神盾局特工》,《绿箭侠》,《康斯坦丁》,《哥谭》,《闪电侠》,《疑犯追踪》,《无垠的太空》,《西部世界》,《十二只猴子》,《迷离档案/危机边缘》,《真爱如血》,《恶鬼凶灵》,《格林》,《断头谷》,《魔法师》,《绝命毒师》,《无耻家庭》,《唐顿庄园》,《越狱》,《盾牌》,《欲望都市》,《广告狂人》
《权利的游戏》,《真爱如血》,《美国恐怖故事s1234》,《初代吸血鬼》,《行尸走肉》,《绯闻女孩》,《达芬奇的恶魔》,《无耻之徒》,《神盾局特工》,《生活大爆炸》,《血族》,《铁杉树丛》,《纸牌屋》,《维京传奇》,《尼基塔》,《越狱》,《白色女王》,《摩登家庭》,《生活大爆炸》,《70年代秀》,《老友记》,《双面法医》,《实习医生格蕾》,《绝望主妇》,《迷失》,《罗马》,《斯巴达克斯》,《超感警探》,《谋杀》,《疑犯追踪》,《神探夏洛克》,《唐顿庄园》,《skins》,《伦敦女孩》,《黑镜》
《时间规划局》,《教父》
《老友记》,《破产姐妹》,《绝命毒师》,《杀死伊芙》,《利器》,《大小谎言》,《使女的故事》,《冰与火之歌：权利的游戏》
《大空头》
《越狱》,《生活大爆炸》,《绝命毒师》,《风骚律师》,《真探》,《爱、死亡、机器人》,《无耻之徒》,《权力的游戏》,《瑞克和莫蒂》,《老友记》,《老友记》,《我们这一天》
《亿万》,《亿万》,《国土安全》,《兄弟连》,《亿万》,《法律与秩序》,《波士顿法律》,《精装律师》,《硅谷》,《硅谷》,《南方女王》,《黑镜》,《黑镜》,《神盾局特工》,《活着为了讲述》,《百年孤独》
《老友记》,《生火大爆炸》,《24》,《波士顿法律》,《兄弟连》,《冰血暴》,《权力的游戏》,《西部世界》,《行尸走肉》,《傲骨贤妻》,《毒枭》
《狗狗博客》,《我们这一天》,《this is us 》,《了不起的麦瑟尔夫人》
《X档案》,《新闻编辑室》,《怪奇物语》,《毒枭》,《迷离档案》,《兄弟连》,《太平洋战争》,《罪恶之夜》,《FBI》,《汤姆克兰西：杰克瑞恩传奇》
《摩登家庭》,《摩登家庭》
《男孩子为什么喜欢看A片》,《宿醉》,《X命毒X》,《X力X游X》
《神盾局特工》
《飓风营救》,《末日孤舰》,《人类清除计划》,《谍影重重》
《老友记》,《权利的游戏》,《致命女人》,《他其实没那么喜欢你的》,《真探》,《真探》,《星际穿越》,《达拉斯买家俱乐部》,《错乱审判》,《全程目击》,《大小谎言》,《爱 死亡 机器人》,《风骚律师》,《绝命毒师》,《风骚》,《初来乍到》,《惊奇物语》
《越狱》,《来自星星的你》,《黎明之前》,《暗算》,《破产姐妹》,《24小时》,《绝命毒师》,《生活大爆炸》
《权力的游戏》,《绝命毒师》,《西部世界》,《去他妈的世界》,《我们这一天》,《新闻编辑室》,《sense8》,《真探》,《瑞克和莫蒂》
《了不起的麦瑟尔夫人》,《老友记》,《权利的游戏》,《纸牌屋》,《是，首相》,《欲望都市》
《老友记》,《闪电侠》,《纸牌屋》,《犯罪心理》,《绝命毒师》,《真探》,《权利的游戏》,《吸血鬼日记》,《基本演绎法》,《神探夏洛克》
《破产姐妹》,《老友记》,《生活大爆炸》,《黑镜》,《土拨鼠日》,《忌日快乐》
《老友记》,《初来乍到》,《摩登家庭》
《越狱》,《越狱》,《美女上错身》,《黑名单》,《绝望主妇》,《邪恶力量》,《权利的游戏》,《生活大爆炸》,《少男奶爸》,《吸血鬼日记》,《神探夏洛克》,《神盾局特工》,《绝命毒师》,《纸牌屋》,《绿箭侠》,《迷失》
《越狱》,《越狱》,《迷失》,《摩登家庭》,《生活大爆炸》,《老友记》,《行尸走肉》,《好汉两个半》,《吸血鬼日记》,《绝命毒师》,《24小时》,《纸牌屋》,《权利的游戏》,《老爸老妈浪漫史》,《闪电侠》,《破产姐妹》,《邪恶力量》,《超能英雄》,《黑镜》,《神探夏洛克》,《鬼屋欢乐送》
《火线》,《绝命毒师》,《行尸走肉》,《无耻之徒》,《绝命毒师》,《毒枭》,《风骚律师》,《兄弟连》,《亿万》,《傲骨之战》,《大西洋帝国》,《我的天才女友》,《婚外情》,《爱，死亡，机器人》,《西部风云》,《地狱之轮》,《神盾局特工》,《堕落街传奇》,《大小谎言》,《罗马》,《西部世界》,《无神》,《迷失》,《极地恶灵》,《侦探》,《相对宇宙》,《保镖》,《悲惨世界》,《维京传奇》,《黑镜》,《名姝》,《堕落街传奇》,《波达克》,《唐顿庄园》,《小谢尔顿》,《黑道家族》,《国土安全》,《实习医生格瑞斯》,《仕女的故事》,《随性所欲》
《越狱》,《嗜血法医》,《英雄》,《超能英雄》,《危机边缘》,《X档案》,《生活大爆炸》,《怪奇物语》,《24小时》,《国土安全》,《兄弟连》
《绝命毒师》,《IT狂人》,《我们这一天》,《分手同居日记》
《摩登家庭》,《外星邻居》,《破产姐妹》,《汉尼拔》,《美国恐怖故事》,《权游》,《萨布丽娜的惊心冒险》,《轮回派对》
《生活大爆炸》,《马男波杰克》,《第二十二条军规》,《老爸老妈浪漫史》,《爱情公寓》,《切尔诺贝利》,《抢救切尔诺贝利》,《黑色星期一》,《神烦警探》,《豪斯医生》,《实习医生格蕾》
《血族》,《格林》,《康斯坦丁》,《沼泽怪物》,《破产姐妹》,《小谢尔顿》,《生活大爆炸》,《浩瀚苍穹》,《闪电侠》,《绿箭侠》,《神盾局特工》
《老友记》,《老友记》,《老友记》,《摩登家庭》,《生活大爆炸》,《硅谷》,《致命女人》,《上载新生》,《权力的游戏》,《绝命毒师》,《西部世界》
《24小时》,《生活大爆炸》,《火线》,《守望尘世》,《真探》,《Mad Man》,《权利的游戏》,《越狱》,《嗜血法医》,《危机边缘》
《摩登家庭》
《神探夏洛克》,《毒枭：墨西哥》
《权力的游戏》,《杀死伊芙》,《生活大爆炸》,《吸血鬼日记》,《唐顿庄园》,《德里女孩》,《去他妈的世界》,《了不起的麦瑟尔夫人》,《哥谭》,《绝命毒师》
《美国众神》,《黑暗物质三部曲》,《权利的游戏》,《猎魔人》,《浩瀚苍穹》,《地球百子》,《黑镜》,《爱死亡和机器人》,《高玩救未来》
《lost》
《越狱》
《豪斯医生》,《毒枭》,《毒枭：墨西哥》,《火线》,《火线警探》,《监狱风云》,《黑道家族》,《绝望的主妇》,《绯闻女孩》
《越狱》
《越狱》
《切尔诺贝利》,《权力的游戏》,《大小谎言》,《性爱自修室》,《我的天才女友》,《我们这一天》,《无耻之徒》,《傲骨之战》,《冰血暴》,《真探》
《权游》,《实习医生格蕾》,《美国恐怖故事》,《生活大爆炸》,《老友记》,《破产姐妹》,《吸血鬼日记》,《行尸走肉》,《爱，死亡和机器人》,《大小谎言》,《梅尔罗斯》,《黑镜》,《西部世界》,《杀死伊芙》
《越狱》,《蛇蝎女佣》,《绝望主妇》,《老友记》,《权利的游戏》,《鬼入侵》
《老友记》,《欲望都市》,《生活大爆炸》,《越狱》,《权力的游戏》,《绝命毒师》,《斯巴达克斯》,《摩登家庭》,《破产姐妹》,《致命女人》
《老子》
《绝命毒师》,《越狱》,《权游》,《老友记》,《格林》
《致命女人》,《杀死伊芙》,《欲望都市》,《黑色孤儿》
《老友记》,《绝望的主妇》,《辛普森一家》,《绯闻女孩》,《纸牌屋》,《实习医生格蕾》,《傲骨贤妻》,《破产姐妹》,《摩登家庭》,《this is us》
《嗜血法医》,《越狱》,《无耻之徒》,《大群》
《老友记》,《生活大爆炸》
《生活大爆炸》,《少年谢尔顿》,《生活大爆炸》,《少年谢尔顿》,《破产姐妹》,《老友记》,《犯罪心理》,《神探夏洛克》
《我们这一天》,《使女的故事》,《绝望的主妇》,《致命女人》,《绝命毒师》,《绿箭侠》,《神盾局特工》,《闪电侠》,《行尸走肉》,《杀死伊芙》,《了不起的麦瑟尔夫人》,《怪奇物语》,《权游》,《傲骨贤妻》,《生活大爆炸》,《小谢尔顿》,《破产姐妹》
《权利的游戏》,《破产姐妹》,《老友记》,《生活大爆炸》,《怪奇物语》,《纸牌屋》,《绝命毒师》,《无耻之徒》,《了不起的麦瑟尔夫人》,《致命女人》
《权力的游戏》,《老友记》,《绯闻女孩》,《西部世界》,《吸血鬼日记》,《神探夏洛克》,《绯闻女孩》,《欲望都市》,《破产姐妹花》,《一天》,《无耻之徒》,《傲骨贤妻》,《纸牌屋》,《实习医生格蕾》
《this is us》
《最后一个男人》
《老友记》,《摩登家庭》,《绝望的主妇》,《欲望都市》,《绝命毒师》,《风骚律师》,《越狱》,《老爸老妈的罗曼史》,《生活大爆炸》,《小谢耳朵》,《新闻编辑室》,《硅谷》,《权利的游戏》
《权力的游戏》,《硅谷》,《了不起的麦瑟儿夫人》,《绝望的主妇》,《使女的故事》,《绝命毒师》,《纸牌屋》,《你》
《越狱》,《犯罪现场调查》,《犯罪心理》,《行尸走肉》,《神盾局特工》,《僵尸国度》,《夜班医生》,《生活大爆炸》,《基本演绎法》,《迷失》,《24小时》,《穹顶之下》
《权利的游戏》,《西部世界》,《火线》,《傲骨贤妻》,《生活大爆炸》,《黑道家族》,《绝命毒师》,《硅谷》,《破产姐妹》,《堕落街传奇》
《权力的游戏》,《毒枭》,《权力的游戏》,《权力的游戏》,《汉尼拔》,《舌尖上的美国》
《天佑吾主》,《一千五百万的价值》,《你的全部历史》,《吸血鬼日记》,《火线警告》,《军团》
《闪电侠》,"《<a href=""https://link.zhihu.com/?target=https%3A//baike.baidu.com/item/%25E7%25BB%25BF%25E7%25AE%25AD%25E4%25BE%25A0/4396661"" class="" wrap external"" target=""_blank"" rel=""nofollow noreferrer"">绿箭侠</a>》",《越狱》,《反击》,《致命武器》,《致命武器》,《致命武器》,《超级少女》,《超级少女》,"《<a href=""https://link.zhihu.com/?target=https%3A//wapbaike.baidu.com/item/%25E5%25A5%25B3%25E8%25B6%2585%25E4%25BA%25BA/16267858"" class="" wrap external"" target=""_blank"" rel=""nofollow noreferrer"">女超人</a>》"
《越狱》,《肖申克的救赎》,《11.22.63》,《拯救肯尼迪》,《行尸走肉》,《神探夏洛克》,《福尔摩斯探案集》
《越狱》,《亿万》,《妙警贼探》,《猫鼠游戏》,《不死法医》,《绝命毒师》,《老友记》,《生活大爆炸》,《破产姐妹》,《权力的游戏》,《纸牌屋》,《大明王朝》,《行尸走肉》
《兄弟连》
《权力的游戏》,《老友记》,《绝命毒师》,《邪恶力量》,《真探》,《黑道家族》,《西部世界》,《切尔诺贝利》,《越狱》,《纸牌屋》
《老友记》,《生活大爆炸》,《美少女的谎言》,《美少女的谎言》,《美少女的谎言》
《吸血鬼日记》,《初代吸血鬼》,《破产姐妹》,《权力的游戏》,《铁杉树丛》,《神盾局特工》,《超女》,《闪电侠》,《杰西卡琼斯》,《超感猎杀》
《失落的房间》
《疑犯追踪》,《实习医生格蕾》,《妙警贼探》,《摩登家庭》,《生活大爆炸》,《重案组》,《罪案终结》,《犯罪心理》,《越狱》,《凯莉日记》,《神盾局特工》,《绝望的主妇》,《名姝》,《邪恶力量》,《地球百子》,《黑名单》,《西部世界》,《超感猎杀》
《老友记》,《老友记》,《生活大爆炸》,《破产姐妹》,《摩登家庭》
《老友记》,《老爸老妈浪漫史》,《摩登家庭》,《老友记》,《生活大爆炸》,《破产姐妹》,《傲骨贤妻》,《诉讼双雄》,《傲骨》,《国务卿女士》,《诉讼双雄》,《谍影迷情》,《国土安全》,《黑名单》,《火线》,《瑞克和莫蒂》,《我们是裸熊》,《南方公园》,《辛普森一家》,《马男波杰克》,《瑞克和莫蒂》,《我们是裸熊》,《亿万》,《绯闻女孩》,《90210》,《都市侠盗》,《十三罗汉》,《猫鼠游戏》,《冰血暴》,《全能侦探社》,《绝命毒师》,《无耻之徒》,《硅谷》,《废柴联盟》,《瑞克和莫蒂》,《古战场传奇》,《权力的游戏》,《超感猎杀》,《杀死伊芙》,《福尔摩斯基本演绎法》,《疑犯追踪》
《英雄》,《生活大爆炸》,《十三号仓库》,《rick and morty》,《美女上错身》,《阴阳魔界》,《爱死机》
《大群》,《马男波杰克》,《瑞克和莫蒂》,《废柴联盟》,《无耻家庭》,《纸牌屋》,《亿万》,《超感猎杀》
《绝命毒师》
《越狱》
《权利的游戏》,《罗马》,《行尸走肉》,《无耻之徒》
《哥谭镇》,《绝命毒师》
《老友记》
《小谢尔顿》,《破产姐妹》,《唐顿庄园》,《权力的游戏》,《蛇蝎女佣》,《无耻之徒》,《名姝》,《唐顿》,《初代吸血鬼》,《无耻》,《暮光之城》,《致命女人》,《了不起的麦瑟尔夫人》,《女子监狱》
《生活大爆炸》
《黑暗物质三部曲》
《危机边缘》,《疑犯追踪》,《黑帆》
《神探夏洛克》,《基本演绎法》,《杀死伊芙》,《霹雳娇娃》,《破产姐妹》,《小谢尔顿》,《致命女人》,《了不起的麦瑟尔夫人》,《暮光之城》,《发现女巫》,《吸血鬼日记》,《权力的游戏》,《指环王》
《老友记》,《权游》,《R&amp;M》,《马男》,《无耻之徒》,《性教育》,《迷醉》,《黑暗组织三部曲》,《去他妈的世界》,《爱死亡和机器人》,《神兽》,《实习医生格蕾》
《Friends》,《生活大爆炸》,《摩登家庭》,《破产姐妹》,《欲望都市》,《绝望主妇》,《闪电侠》,《越狱》,《绝命毒师》,《西部世界》
《无耻之徒》
《迷失》,《美恐》,《英雄》,《越狱》,《绝望的主妇》,《发现女巫》,《csi》,《傲骨贤妻good wife》,《广告狂人》,《血族》,《真爱如血》,《康斯坦丁》,《吸血鬼日记》,《谎言美少女》,《13个理由》
《X档案》
《查莉的成长日记》,《尼基塔》,《老爸老妈浪漫史》,《老友记》,《怪奇物语》,《生活大爆炸》
《致命女人》,《绝望主妇》,《摩登家庭》,《破产姐妹》,《怪奇物语》,《蛇蝎女佣》,《rick and morty》,《辛普森》
《少年谢尔顿》,《怪奇物语》
《小谢尔顿》,《生活大爆炸》,《生活大爆炸》,《小谢尔顿》,《生活大爆炸》,《生活大爆炸》,《小谢尔顿》,《生活大爆炸》,《小谢尔顿》,《小谢尔顿》,《生活大爆炸》,《小谢尔顿》,《唐老鸭俱乐部》,《天才少年成长记》,《生活大爆炸》,《小谢尔顿》,《生活大爆炸》,《小谢尔顿》
《风骚律师》,《绝命毒师》,《德雷尔一家》,《了不起的麦瑟尔夫人》,《性教育》,《瑞克和莫蒂》,《9号秘事》,《德里女孩》,《去他妈的世界》,《怪奇物语》,《我们这一天》
《名姝》
《我们这一天》
《兄弟连》,《我们的一天》,《傲骨之战》,《国土安全》,《警察世家》,《美国谍梦》,《纸牌屋》,《冰雪暴》,《黄石》,《婚外情事》
《瑞克和莫蒂》
《超感猎杀》
《迷离档案》,《危机边缘》
《豪斯医生》,《绝命毒师》,《无耻之徒》,《冰血暴》,《风骚律师》,《了不起的麦瑟尔夫人》,《怪奇物语》
《老友记》
《傲骨贤妻》,《傲骨之战-傲骨贤妻衍生剧》,《侍女的故事》,《大小谎言》,《了不起的麦瑟尔夫人》,《姿态》,《西部世界》,《权利的游戏》,《黑镜1-4》,《实习医生格蕾》,《逍遥法外》,《公关FLACK》
《POl》
《老友记》,《killing eve》
《无垠的太空》,《星际迷航发现号》,《西部世界》,《无耻家庭》
《破产姐妹》
《地球百子》
《良医》,《rick and morty》,《how I meet your mother》,《夜班医生》,《极品老妈》,《无耻之徒》,《单身毒妈》,《返生餐单》
《The practice》
《战俘》,《凶宅》,《疯人院》,《女巫集会》,《畸形秀》,《旅馆》,《洛亚诺克》,《邪教》,《启示录》,《傲骨贤妻》
《老友记》,《危机边缘》,《行尸走肉》,《美国恐怖故事》,《老爸老妈浪漫史》,《绝命毒师》,《反恐24小时》,《生活大爆炸》,《IT狂人》,《权利的游戏》
《黑名单》
《少年汉尼拔》,《汉尼拔》,《沉默的羔羊》,《红龙》
《越狱》,《权力的游戏》,《绝命毒师》,《傲骨贤妻》,《老友记》,《生活大爆炸》,《寻妈记》,《兄弟连》
《生活大爆炸》
《政局边缘》
《毒枭》,《破冰行动》
《斯巴达克斯》
《豪斯医生》
《24小时》
《LOST》,《斯巴达克斯》,《越狱》,《The end of the fucking world》,《神探夏洛特》
《纽约市委书记》,《人民的名义2之达康书记在白宫》,《革命圣地底特律》,《赤化华尔街》,《红色美国》,《特朗普和同志们》,《解放华盛顿》,《洛杉矶五战士》
《凯莉日记》,《错位青春》,《不死法医》,《老爸老妈浪漫史》
《狗狗博客》
《老友记》,《破产姐妹》,《犯罪心理》,《超感神探》,《迷失》,《越狱》,《生活大爆炸》,《真探》,《绝望的主妇》,《摩登家庭》
《老友记》,《摩登家庭》,《少男奶爸》,《生活大爆炸》,《邪恶力量（女生胆小的就别看了）》,《绝望主妇（妹子推荐看一下）》
《达芬奇的恶魔》,《行尸走肉 》,《绝命毒师》,《吸血鬼日记》,《暴君》,《破产姐妹》
《Prison Break 越狱》,《Lost 迷失》,《The walking dead 行尸走肉》,《Nikita 尼基塔》,《The Big Bang 生活大爆炸》,《 Desperate Housewives 绝望主妇》,《Friends 老友记》,《 权力的游戏》,《替身姐妹》
